{"epoch":0,"test_pit_sisnr":-31.567039489746094,"_timestamp":1.730366134715809e+09,"_step":2,"_runtime":7.722319684,"trainer/global_step":0,"learning_rate":0.001,"val_pit_sisnr":-30.17995262145996,"_wandb":{"runtime":9}}