{"learning_rate":0.000125,"lr":0.0001250000059371814,"epoch":499,"train_loss_step":-13.649384498596191,"train_loss_epoch":-13.742794036865234,"val_pit_sisnr":12.308914184570312,"trainer/global_step":178499,"_timestamp":1.730444733053257e+09,"test_pit_sisnr":12.585399627685547,"_wandb":{"runtime":78369},"_step":5622,"val_loss/dataloader_idx_0":-12.308913230895996,"test_loss/dataloader_idx_1":-12.585399627685547,"_runtime":78368.526314978}