{"_step":4,"val_pit_sisnr":-26.834135055541992,"_wandb":{"runtime":69},"epoch":0,"_runtime":50.438369977,"trainer/global_step":99,"test_pit_sisnr":-25.971813201904297,"learning_rate":0.001,"train_loss_step":-3.5446133613586426,"_timestamp":1.7303663133556552e+09}